<?xml version="1.0" encoding="UTF-8"?><api-library>   <name>Custom functions for numbers</name>   <code>ACTIVITYCOMPLETE</code>   <version>01.00.0000</version>   <implementationType>JAVASCRIPT</implementationType>   <sources>      <source>         <fileName>custom_functions.js</fileName>         <apiDefinitions>            <api apiid="ACTIVITYCOMPLETE:01.00.0000:custom_functions.js:camelize:str">               <classification>ORCHESTRATION</classification>               <classification>XPATH</classification>               <duplicateFnFlag>false</duplicateFnFlag>               <name>camelize</name>               <inputParameters>                  <input>                     <icon>/oracle/ics/webconsole/view/images/string_24_ena.png</icon>                     <name>str</name>                     <type>string</type>                  </input>               </inputParameters>               <libraryCode>ACTIVITYCOMPLETE</libraryCode>               <outputParameters>                  <output>                     <icon>/oracle/ics/webconsole/view/images/string_24_ena.png</icon>                     <name>result</name>                     <type>string</type>                  </output>               </outputParameters>               <unsupportedSyntax>false</unsupportedSyntax>            </api>            <api apiid="ACTIVITYCOMPLETE:01.00.0000:custom_functions.js:checkDatetime:unixtime:starttime">               <classification>ORCHESTRATION</classification>               <classification>XPATH</classification>               <duplicateFnFlag>false</duplicateFnFlag>               <name>checkDatetime</name>               <inputParameters>                  <input>                     <icon>/oracle/ics/webconsole/view/images/string_24_ena.png</icon>                     <name>unixtime</name>                     <type>string</type>                  </input>                  <input>                     <icon>/oracle/ics/webconsole/view/images/string_24_ena.png</icon>                     <name>starttime</name>                     <type>string</type>                  </input>               </inputParameters>               <libraryCode>ACTIVITYCOMPLETE</libraryCode>               <outputParameters>                  <output>                     <icon>/oracle/ics/webconsole/view/images/string_24_ena.png</icon>                     <name>ret_val</name>                     <type>string</type>                  </output>               </outputParameters>               <unsupportedSyntax>false</unsupportedSyntax>            </api>            <api apiid="ACTIVITYCOMPLETE:01.00.0000:custom_functions.js:convertDateToEpochTimestamp:date">               <classification>ORCHESTRATION</classification>               <classification>XPATH</classification>               <duplicateFnFlag>false</duplicateFnFlag>               <name>convertDateToEpochTimestamp</name>               <inputParameters>                  <input>                     <icon>/oracle/ics/webconsole/view/images/string_24_ena.png</icon>                     <name>date</name>                     <type>string</type>                  </input>               </inputParameters>               <libraryCode>ACTIVITYCOMPLETE</libraryCode>               <outputParameters>                  <output>                     <icon>/oracle/ics/webconsole/view/images/string_24_ena.png</icon>                     <name>epochTimeStamp</name>                     <type>string</type>                  </output>               </outputParameters>               <unsupportedSyntax>false</unsupportedSyntax>            </api>            <api apiid="ACTIVITYCOMPLETE:01.00.0000:custom_functions.js:convertEpochToString:date">               <classification>ORCHESTRATION</classification>               <classification>XPATH</classification>               <duplicateFnFlag>false</duplicateFnFlag>               <name>convertEpochToString</name>               <inputParameters>                  <input>                     <icon>/oracle/ics/webconsole/view/images/string_24_ena.png</icon>                     <name>date</name>                     <type>string</type>                  </input>               </inputParameters>               <libraryCode>ACTIVITYCOMPLETE</libraryCode>               <outputParameters>                  <output>                     <icon>/oracle/ics/webconsole/view/images/string_24_ena.png</icon>                     <name>formattedDate</name>                     <type>string</type>                  </output>               </outputParameters>               <unsupportedSyntax>false</unsupportedSyntax>            </api>            <api apiid="ACTIVITYCOMPLETE:01.00.0000:custom_functions.js:convertToIsoUtcFormatDateTime:date:offsetHours">               <duplicateFnFlag>false</duplicateFnFlag>               <name>convertToIsoUtcFormatDateTime</name>               <inputParameters>                  <input>                     <icon>/oracle/ics/webconsole/view/images/string_24_ena.png</icon>                     <name>date</name>                     <type>string</type>                  </input>                  <input>                     <icon>/oracle/ics/webconsole/view/images/string_24_ena.png</icon>                     <name>offsetHours</name>                     <type>string</type>                  </input>               </inputParameters>               <libraryCode>ACTIVITYCOMPLETE</libraryCode>               <outputParameters>                  <output>                     <icon>/oracle/ics/webconsole/view/images/string_24_ena.png</icon>                     <name>dateString</name>                     <type>string</type>                  </output>               </outputParameters>               <unsupportedSyntax>false</unsupportedSyntax>            </api>            <api apiid="ACTIVITYCOMPLETE:01.00.0000:custom_functions.js:convertTonextDate:date:addcount">               <classification>ORCHESTRATION</classification>               <classification>XPATH</classification>               <duplicateFnFlag>false</duplicateFnFlag>               <name>convertTonextDate</name>               <inputParameters>                  <input>                     <icon>/oracle/ics/webconsole/view/images/string_24_ena.png</icon>                     <name>date</name>                     <type>string</type>                  </input>                  <input>                     <icon>/oracle/ics/webconsole/view/images/numeric_24_ena.png</icon>                     <name>addcount</name>                     <type>double</type>                  </input>               </inputParameters>               <libraryCode>ACTIVITYCOMPLETE</libraryCode>               <outputParameters>                  <output>                     <icon>/oracle/ics/webconsole/view/images/string_24_ena.png</icon>                     <name>date</name>                     <type>string</type>                  </output>               </outputParameters>               <unsupportedSyntax>false</unsupportedSyntax>            </api>            <api apiid="ACTIVITYCOMPLETE:01.00.0000:custom_functions.js:getRandomNum:min:max">               <classification>ORCHESTRATION</classification>               <classification>XPATH</classification>               <duplicateFnFlag>false</duplicateFnFlag>               <name>getRandomNum</name>               <inputParameters>                  <input>                     <icon>/oracle/ics/webconsole/view/images/numeric_24_ena.png</icon>                     <name>min</name>                     <type>double</type>                  </input>                  <input>                     <icon>/oracle/ics/webconsole/view/images/numeric_24_ena.png</icon>                     <name>max</name>                     <type>double</type>                  </input>               </inputParameters>               <libraryCode>ACTIVITYCOMPLETE</libraryCode>               <outputParameters>                  <output>                     <icon>/oracle/ics/webconsole/view/images/numeric_24_ena.png</icon>                     <name>rnd</name>                     <type>double</type>                  </output>               </outputParameters>               <unsupportedSyntax>false</unsupportedSyntax>            </api>            <api apiid="ACTIVITYCOMPLETE:01.00.0000:custom_functions.js:getRandomNumberString:length">               <classification>ORCHESTRATION</classification>               <classification>XPATH</classification>               <duplicateFnFlag>false</duplicateFnFlag>               <name>getRandomNumberString</name>               <inputParameters>                  <input>                     <icon>/oracle/ics/webconsole/view/images/string_24_ena.png</icon>                     <name>length</name>                     <type>string</type>                  </input>               </inputParameters>               <libraryCode>ACTIVITYCOMPLETE</libraryCode>               <outputParameters>                  <output>                     <icon>/oracle/ics/webconsole/view/images/string_24_ena.png</icon>                     <name>result</name>                     <type>string</type>                  </output>               </outputParameters>               <unsupportedSyntax>false</unsupportedSyntax>            </api>            <api apiid="ACTIVITYCOMPLETE:01.00.0000:custom_functions.js:increment:var1:increment">               <classification>ORCHESTRATION</classification>               <classification>XPATH</classification>               <duplicateFnFlag>false</duplicateFnFlag>               <name>increment</name>               <inputParameters>                  <input>                     <icon>/oracle/ics/webconsole/view/images/numeric_24_ena.png</icon>                     <name>var1</name>                     <type>double</type>                  </input>                  <input>                     <icon>/oracle/ics/webconsole/view/images/numeric_24_ena.png</icon>                     <name>increment</name>                     <type>double</type>                  </input>               </inputParameters>               <libraryCode>ACTIVITYCOMPLETE</libraryCode>               <outputParameters>                  <output>                     <icon>/oracle/ics/webconsole/view/images/numeric_24_ena.png</icon>                     <name>result</name>                     <type>double</type>                  </output>               </outputParameters>               <unsupportedSyntax>false</unsupportedSyntax>            </api>            <api apiid="ACTIVITYCOMPLETE:01.00.0000:custom_functions.js:isset:array:column_name">               <classification>ORCHESTRATION</classification>               <classification>XPATH</classification>               <duplicateFnFlag>false</duplicateFnFlag>               <name>isset</name>               <inputParameters>                  <input>                     <icon>/oracle/ics/webconsole/view/images/string_24_ena.png</icon>                     <name>array</name>                     <type>string</type>                  </input>                  <input>                     <icon>/oracle/ics/webconsole/view/images/string_24_ena.png</icon>                     <name>column_name</name>                     <type>string</type>                  </input>               </inputParameters>               <libraryCode>ACTIVITYCOMPLETE</libraryCode>               <outputParameters>                  <output>                     <icon>/oracle/ics/webconsole/view/images/string_24_ena.png</icon>                     <name>result</name>                     <type>string</type>                  </output>               </outputParameters>               <unsupportedSyntax>false</unsupportedSyntax>            </api>            <api apiid="ACTIVITYCOMPLETE:01.00.0000:custom_functions.js:multiplyFloat:num1:num2">               <classification>ORCHESTRATION</classification>               <classification>XPATH</classification>               <duplicateFnFlag>false</duplicateFnFlag>               <name>multiplyFloat</name>               <inputParameters>                  <input>                     <icon>/oracle/ics/webconsole/view/images/string_24_ena.png</icon>                     <name>num1</name>                     <type>string</type>                  </input>                  <input>                     <icon>/oracle/ics/webconsole/view/images/string_24_ena.png</icon>                     <name>num2</name>                     <type>string</type>                  </input>               </inputParameters>               <libraryCode>ACTIVITYCOMPLETE</libraryCode>               <outputParameters>                  <output>                     <icon>/oracle/ics/webconsole/view/images/string_24_ena.png</icon>                     <name>value</name>                     <type>string</type>                  </output>               </outputParameters>               <unsupportedSyntax>false</unsupportedSyntax>            </api>            <api apiid="ACTIVITYCOMPLETE:01.00.0000:custom_functions.js:round_decimal:val:round_val">               <classification>ORCHESTRATION</classification>               <classification>XPATH</classification>               <duplicateFnFlag>false</duplicateFnFlag>               <name>round_decimal</name>               <inputParameters>                  <input>                     <icon>/oracle/ics/webconsole/view/images/numeric_24_ena.png</icon>                     <name>val</name>                     <type>double</type>                  </input>                  <input>                     <icon>/oracle/ics/webconsole/view/images/numeric_24_ena.png</icon>                     <name>round_val</name>                     <type>double</type>                  </input>               </inputParameters>               <libraryCode>ACTIVITYCOMPLETE</libraryCode>               <outputParameters>                  <output>                     <icon>/oracle/ics/webconsole/view/images/numeric_24_ena.png</icon>                     <name>result</name>                     <type>double</type>                  </output>               </outputParameters>               <unsupportedSyntax>false</unsupportedSyntax>            </api>         </apiDefinitions>         <libraryCode>ACTIVITYCOMPLETE</libraryCode>      </source>   </sources></api-library>